item_name,Alias,Category,Shelf Life
Achari & Italian Seasoning Lavash Combo,Achari Lavash (110 Gm),Snacks,30 Days
Achari Lavash (110 Gm),Achari Lavash (110 Gm),Snacks,30 Days
Achari Lavash & Grissini Stick Combo,Achari Lavash (110 Gm),Snacks,30 Days
Almond Biscotti (80 Gm),Almond Biscotti (80 Gm),Snacks,30 Days
Almond Croissant,Almond Croissant,Desserts,2 Days
Almond Rocher Cake (500 Gm),Almond Rocher Cake (500 Gm),Cakes,4 Days
Apple Pie Tart,Apple Pie Tart,Desserts,3 Days
Balloons-set Of 25 Pcs,Balloons-set Of 25 Pcs,Addons,90 Days
Banoffee Pie,Banoffee Pie,Desserts,3 Days
Base Brownie,Base Brownie,Desserts,10 Days
Basque Cheesecake Slice,Basque Cheesecake Slice,Cheesecakes,5 Days
Be Mine Valentines Bento Cake (300 Gm),Be Mine Valentines Bento Cake (300 Gm),Valenitne Menu,4 Days
Be Mine Valentines Mille-feuille,Be Mine Valentines Mille-feuille,Desserts,3 Days
Belgian Chocolate Mousse Cake (500 Gm),Belgian Chocolate Mousse Cake (500 Gm),Cakes,4 Days
Belgian Chocolate Mousse Slice,Belgian Chocolate Mousse Slice,Desserts,4 Days
Belgian Chocolate Tart Slice,Belgian Rum Tart,Desserts,5 Days
Belgian Rum Tart,Belgian Rum Tart,Desserts,5 Days
Belgian Tart Slice,Belgian Rum Tart,Desserts,5 Days
Belgium Chocolate Eclairs,Belgium Chocolate Eclairs,Desserts,2 Days
Best Mom Ever Bento Cake (300 Gm),Best Mom Ever Bento Cake (300 Gm),Seasonal,3 Days
Birthday Cap-boy,Birthday Cap-boy,Addons,90 Days
Birthday Cap-girl,Birthday Cap-girl,Addons,90 Days
Biscoff & Blueberry Cheesecake Combo,Eggless Cheesecake Slice,Cheesecakes,5 Days
Biscoff & Nutella Cheesecake Combo,Eggless Cheesecake Slice,Cheesecakes,5 Days
Biscoff Cheesecake Jar,Cheese Cake Jar,Cheesecakes,5 Days
Black Forest Cake (500 Gm),Black Forest Cake (500 Gm),Cakes,3 Days
Blueberry & Chocolate Jar Cake Combo (180 Ml),Cheese Cake Jar,Cheesecakes,5 Days
Blueberry & Nutella Cheesecake Combo,Eggless Cheesecake Slice,Cheesecakes,5 Days
Blueberry Baked Cheesecake (1 Kg),Eggless Vanilla Cheesecake 1 Kg,Cheesecakes,5 Days
Blueberry Baked Cheesecake (500 Gm),Eggless Vanilla Cheesecake 0.5kg,Cheesecakes,5 Days
Blueberry Baked Cheesecake (500 Gms),Eggless Vanilla Cheesecake 0.5kg,Cheesecakes,5 Days
Blueberry Baked Cheesecake Jar,Cheese Cake Jar,Cheesecakes,5 Days
Blueberry Baked Cheesecake Slice,Eggless Cheesecake Slice,Cheesecakes,5 Days
Blueberry Baked Eggless Cheesecake (500 Gms),Eggless Vanilla Cheesecake 0.5kg,Cheesecakes,5 Days
Blueberry Bento Cake (300 Gm),Blueberry Bento Cake (300 Gm),Cakes,3 Days
Blueberry Jar Cake (180 Ml),Blueberry Jar Cake (180 Ml),Desserts,3 Days
Breakup Banana Bread,Breakup Banana Bread,Desserts,3 Days
Butter Cookies [20 Pcs],Christmas Butter Cookies [20 Pcs],Christmas,7 Days
Butter Croissant,Butter Croissant,Desserts,2 Days
Butterscotch Cake (500 Gm),Butterscotch Eggless Cake (500 Gms),Cakes,3 Days
Butterscotch Eggless Cake (500 Gms),Butterscotch Eggless Cake (500 Gms),Cakes,3 Days
Cake Topper,Cake Topper,Addons,90 Days
Carrot Cake Slice,Carrot Cake Slice,Christmas,3 Days
CC Black Forest Eggless Cake (500 Gm),Black Forest Cake (500 Gm),Cakes,3 Days
CC Blueberry Baked Cheesecake (500 Gm),Eggless Vanilla Cheesecake 0.5kg,Cheesecakes,5 Days
CC Chocolate Truffle Eggless Cake (500 Gm),Chocolate Truffle Eggless Cake (500 Gms),Cakes,5 Days
CC Fresh Fruit Eggless Cake (500 Gm),Fresh Fruit Eggless Cake (500 Gms),Cakes,2 Days
CC Lotus Biscoff Baked Cheesecake (500 Gm),Eggless Vanilla Cheesecake 0.5kg,Cheesecakes,5 Days
CC New York Baked Cheesecake (500 Gm),Eggless Vanilla Cheesecake 0.5kg,Cheesecakes,5 Days
CC Nutella Baked Cheesecake (500 Gm),Eggless Vanilla Cheesecake 1 Kg,Cheesecakes,4 Days
CC Pineapple Eggless Cake (500 Gm),Pineapple Eggless Cake (500 Gms),Cakes,4 Days
CC Red Velvet Eggless Cake (500 Gm),Red Velvet Cake (500 Gms),Cakes,3 Days
Choco Truffle Pastry,Chocolate Truffle Pastry,Desserts,5 Days
Chocolate & Strawberry Valentines Bento Cake (300 Gm),Chocolate & Strawberry Valentines Bento Cake (300 Gm),Valenitne Menu,4 Days
Chocolate Bomboloni,Chocolate Bomboloni,Desserts,3 Days
Chocolate Butterscotch Cake (500 Gm),Chocolate Butterscotch Cake (500 Gm),Cakes,4 Days
Chocolate Dairy Milk Cake (500 Gm),Classic Dairy Milk Eggless Cake (500 Gms),Cakes,5 Days
Chocolate Dairy Milk Pastry,Chocolate Dairy Milk Pastry,Desserts,5 Days
Chocolate Filled Strawberry Glass,Chocolate Filled Strawberry Glass,Valenitne Menu,2 Days
Chocolate Heart Valentines Bento Cake (300 Gm),Chocolate Heart Valentines Bento Cake (300 Gm),Valenitne Menu,4 Days
Chocolate Jar Cake (180 Ml),Chocolate Jar Cake (180 Ml),Desserts,5 Days
Chocolate Kissed Valentines Palmiers [4 Pcs],Chocolate Kissed Valentines Palmiers [4 Pcs],Valenitne Menu,30 Days
Chocolate Kunafa Jar,Chocolate Kunafa Jar,Desserts,4 Days
Chocolate Mousse Cake (500 Gm),Chocolate Mousse Cake (500 Gm),Cakes,4 Days
Chocolate Mousse Pastry,Chocolate Mousse Pastry,Desserts,4 Days
Chocolate Palmiers [4 Pcs],Chocolate Kissed Valentines Palmiers [4 Pcs],Desserts,15 Days
Chocolate Rocher Pastry,Chocolate Rocher Pastry,Desserts,4 Days
Chocolate Tiramisu Pastry,Chocolate Tiramisu Pastry,Desserts,3 Days
Chocolate Tiramisu Pastry & Belgian Chocolate Tart Slice,Chocolate Tiramisu Pastry,Desserts,3 Days
Chocolate Truffle Bento Cake (300 Gm),Chocolate Truffle Bento Cake (300 Gm),Cakes,5 Days
Chocolate Truffle Cake (1 Kg),Chocolate Truffle Eggless Cake (1 Kg),Cakes,5 Days
Chocolate Truffle Cake (500 Gm),Chocolate Truffle Eggless Cake (500 Gms),Cakes,5 Days
Chocolate Truffle Cake & Red Rose,Chocolate Truffle Eggless Cake (500 Gms),Valenitne Menu,4 Days
Chocolate Truffle Cake & Teddy,Chocolate Truffle Eggless Cake (500 Gms),Cakes,5 Days
Chocolate Truffle Eggless Cake (1 Kg),Chocolate Truffle Eggless Cake (1 Kg),Cakes,5 Days
Chocolate Truffle Eggless Cake (500 Gms),Chocolate Truffle Eggless Cake (500 Gms),Cakes,5 Days
Chocolate Truffle Pastry,Chocolate Truffle Pastry,Desserts,5 Days
Chocolate Vanilla Cake (500 Gm),Chocolate Vanilla Cake (500 Gm),Cakes,4 Days
Christmas Apple Pie Tart,Christmas Apple Pie Tart,Christmas,3 Days
Christmas Butter Cookies [20 Pcs],Christmas Butter Cookies [20 Pcs],Christmas,7 Days
Christmas Theme Bento Cake (300 Gm),Christmas Theme Bento Cake (300 Gm),Christmas,3 Days
Christmas Theme Cup Cakes (6 Pcs),Christmas Theme Cupcakes [6 Pcs],Christmas,3 Days
Christmas Theme Ginger Bread Cookies [4 Pcs],Christmas Theme Ginger Cookies [4 Pcs],Christmas,7 Days
Christmas Theme Ginger Cookies [4 Pcs],Christmas Theme Ginger Cookies [4 Pcs],Christmas,7 Days
Christmas Theme Ginger Cookies [5 Pcs],Christmas Theme Ginger Cookies [4 Pcs],Christmas,7 Days
Christmas Tree Chocolate Croissant,Christmas Tree Chocolate Croissant,Christmas,3 Days
Classic Dairy Milk Eggless Cake (500 Gms),Classic Dairy Milk Eggless Cake (500 Gms),Cakes,5 Days
Classic Walnut Brownie,Classic Walnut Brownie,Desserts,10 Days
Coffee Mocha Tea Cake Pastry,Coffee Mocha Tea Cake Pastry,Desserts,3 Days
Congratulations Banner,Congratulations Banner,Addons,90 Days
Cupcake Bouquet (6 Pcs),Floral Cupcake Valentines Bouquet,Seasonal,5 Days
Cupid's Blush Valentines Cake Bouquet,Cupid's Blush Valentines Cake Bouquet,Valenitne Menu,2 Days
Curly Candle,Curly Candle,Addons,90 Days
D0012_1 Cheesecake Jars [Pack Of 2],Cheese Cake Jar,Cheesecakes,5 Days
D0012_2 Cheesecake Jars [Pack Of 2],Cheese Cake Jar,Cheesecakes,5 Days
Dark Chocolate & Salted Caramel Tub,Dark Chocolate & Salted Caramel Tub,Desserts,3 Days
Dates & Walnut Tea Cake,Sugarfree Date & Walnut Whole Wheat Cake (200 Gms),Cakes,6 Days
Death By Chocolate Cookie,Death By Chocolate Cookie,Cookies,15 Days
Dense Chocolate Tea Cake,Dense Chocolate Tea Cake (200 Gms),Cakes,6 Days
Dubai Viral Chocolate Kunafa,Chocolate Kunafa Jar,Desserts,4 Days
Dubai Viral Chocolate Kunafa Bar,Dubai Viral Chocolate Kunafa Bar,Cookies,15 Days
Dubai Viral Kunafa Cheesecake Slice,Dubai Viral Kunafa Cheesecake Slice,Cheesecakes,4 Days
Dubai Viral Kunafa Chocolate & Red Rose,Dubai Viral Chocolate Kunafa Bar,Valenitne Menu,4 Days
Dubai Viral Kunafa Chocolate & Teddy,Dubai Viral Chocolate Kunafa Bar,Cookies,15 Days
Dubai Viral Kunafa Cookie,Dubai Viral Kunafa Cookie,Cookies,15 Days
Easter Theme Cupcakes (4 Pcs),Easter Theme Cupcakes (4 Pcs),Seasonal,5 Days
Easter Treasure Eggs (4 Pcs),Easter Treasure Eggs (4 Pcs),Seasonal,7 Days
Eggless Biscoff Brownie,Base Brownie,Desserts,10 Days
Eggless Nutella Brownie,Base Brownie,Desserts,10 Days
Elegant Gifting Hamper,Elegant Gifting Hamper,Hampers,30 Days
Exotic Pineapple Cake (500 Gm),Pineapple Eggless Cake (500 Gms),Cakes,4 Days
Exotic Pineapple Pastry,Pineapple Pastry,Desserts,4 Days
Floral Affair Valentines Box,Floral Affair Valentines Box,Valenitne Menu,4 Days
Floral Cupcake Bouquet,Floral Cupcake Valentines Bouquet,Seasonal,5 Days
Floral Cupcake Valentines Bouquet,Floral Cupcake Valentines Bouquet,Valenitne Menu,4 Days
Flower Candle,Flower Candle,Addons,90 Days
French Hearts (100 Gm),French Hearts (100 Gm),Snacks,30 Days
Fresh Fruit Cake (1 Kg),Fresh Fruit Eggless Cake (1 Kg),Cakes,2 Days
Fresh Fruit Cake (500 Gm),Fresh Fruit Eggless Cake (500 Gms),Cakes,2 Days
Fresh Fruit Cake & Red Rose,Fresh Fruit Eggless Cake (500 Gms),Cakes,2 Days
Fresh Fruit Cake & Teddy,Fresh Fruit Eggless Cake (500 Gms),Cakes,2 Days
Fresh Fruit Eggless Cake (1 Kg),Fresh Fruit Eggless Cake (1 Kg),Cakes,2 Days
Fresh Fruit Eggless Cake (500 Gms),Fresh Fruit Eggless Cake (500 Gms),Cakes,2 Days
Fresh Strawberry Cream Cake (500 Gm),Fresh Strawberry Cream Cake (500 Gm),Cakes,3 Days
Fresh Strawberry Cream Pastry,Fresh Strawberry Cream Pastry,Desserts,3 Days
Fruit Bunt Cake (500 Gm),Fruit Bunt Cake (500 Gm),Christmas,3 Days
German Black Forest Pastry,German Black Forest Pastry,Desserts,3 Days
Ginger Bread Cookies [4 Pcs],Christmas Theme Ginger Cookies [4 Pcs],Christmas,7 Days
Girl Power Bento Cake (300 Gm),Girl Power Bento Cake (300 Gm),Seasonal,5 Days
Gluten Free Banana Tea Cake,Breakup Banana Bread,Desserts,3 Days
Grissini Sticks (110 Gm),Grissini Sticks (110 Gm),Snacks,30 Days
Happy Anniversary Banner,Happy Anniversary Banner,Addons,90 Days
Happy Birthday Banner,Happy Birthday Banner,Addons,90 Days
Happy New Year Bento Cake (300 Gm),Happy New Year Bento Cake (300 Gm),Christmas,5 Days
Hazelnut Eclairs,Hazelnut Eclairs,Desserts,2 Days
Hazelnut Rocher Cake (500 Gm),Hazelnut Rocher Cake 0.5 Kg,Cakes,4 Days
Hazelnut Rocher Cake 0.5 Kg,Hazelnut Rocher Cake 0.5 Kg,Cakes,4 Days
Heart Shape Red Velvet Bento Cake (300 Gm),Heart Shape Red Velvet Bento Cake (300 Gm),Valenitne Menu,3 Days
Heart Shaped Red Velvet Bento Cake (300 Gm),Heart Shaped Red Velvet Bento Cake (300 Gm),Valenitne Menu,3 Days
Hello 2026 Bento Cake (300 Gm),Hello 2026 Bento Cake (300 Gm),Christmas,5 Days
Intense Belgian Chocolate Cake (500 Gm),Intense Belgian Chocolate Cake (500 Gm),Cakes,5 Days
Intense Belgian Chocolate Tub,Intense Belgian Chocolate Tub,Desserts,3 Days
Italian Seasoning Lavash (110 Gm),Italian Seasoning Lavash (110 Gm),Snacks,30 Days
Jim Jam Cheesecake Tub,Jim Jam Cheesecake Tub,Desserts,3 Days
Kitkat Cheesecake Slice,Kitkat Cheesecake Slice,Cheesecakes,4 Days
Kitkat Pastry,Kitkat Pastry,Desserts,3 Days
Kunafa Dream Cake (500 Gm),Kunafa Dream Cake (500 Gm),Cakes,4 Days
Lotus Biscoff Baked Cheesecake (1 Kg),Eggless Vanilla Cheesecake 1 Kg,Cheesecakes,4 Days
Lotus Biscoff Baked Cheesecake (500 Gm),Eggless Vanilla Cheesecake 0.5kg,Cheesecakes,4 Days
Lotus Biscoff Baked Cheesecake (500 Gms),Eggless Vanilla Cheesecake 0.5kg,Cheesecakes,5 Days
Lotus Biscoff Baked Cheesecake Jar,Cheese Cake Jar,Cheesecakes,5 Days
Lotus Biscoff Baked Cheesecake Slice,Eggless Cheesecake Slice,Cheesecakes,5 Days
Lotus Biscoff Baked Eggless Cheesecake (500 Gms),Eggless Vanilla Cheesecake 0.5kg,Cheesecakes,5 Days
Lotus Biscoff Cheesecake (1 Kg),Eggless Vanilla Cheesecake 1 Kg,Cheesecakes,5 Days
Lotus Biscoff Cheesecake (500 Gm),Eggless Vanilla Cheesecake 0.5kg,Cheesecakes,5 Days
Magic Candle,Magic Candle,Addons,90 Days
Malai Kulfi Tres Leches,Malai Kulfi Tres Leches,Desserts,3 Days
Mango Tres Leches,Mango Tres Leches,Desserts,3 Days
Matilda Cake (500 Gm),Matilda Cake (500 Gm),Cakes,5 Days
Matilda Cake Slice,Matilda Cake Slice,Desserts,3 Days
Merry Christmas Bento Cake (300 Gm),Merry Christmas Bento Cake (300 Gm),Christmas,3 Days
Mince Fruit Tart,Mince Fruit Tart,Christmas,3 Days
Mom's Secret Message Bento Cake (300 Gm),Mom's Secret Message Bento Cake (300 Gm),Seasonal,3 Days
Mom's Slice Bento Cake (300 Gm),Mom's Slice Bento Cake (300 Gm),Seasonal,3 Days
Mother's Day Special Butterscotch Cake (500 Gm),Butterscotch Eggless Cake (500 Gms),Cakes,3 Days
Mother's Day Special Chocolate Cake (500 Gm),Chocolate Truffle Eggless Cake (500 Gms),Cakes,5 Days
Mother's Day Special Floral Cake (500 Gm),Mother's Day Special Floral Cake (500 Gm),Seasonal,3 Days
Mother's Day Special Mango Mousse Milk Cake (500 Gm),Mother's Day Special Mango Mousse Milk Cake (500 Gm),Seasonal,3 Days
Mother's Day Special Pineapple Cake (500 Gm),Pineapple Eggless Cake (500 Gms),Cakes,3 Days
My Mom Best Bento Cake (300 Gm),My Mom Best Bento Cake (300 Gm),Seasonal,3 Days
New York Baked Cheesecake (1 Kg),Eggless Vanilla Cheesecake 1 Kg,Cheesecakes,5 Days
New York Baked Cheesecake (500 Gm),Eggless Vanilla Cheesecake 0.5kg,Cheesecakes,5 Days
New York Baked Cheesecake (500 Gms),Eggless Vanilla Cheesecake 0.5kg,Cheesecakes,4 Days
New York Baked Cheesecake Jar,Cheese Cake Jar,Cheesecakes,5 Days
New York Baked Cheesecake Slice,Eggless Cheesecake Slice,Cheesecakes,5 Days
New York Baked Eggless Cheesecake (500 Gms),Eggless Vanilla Cheesecake 0.5kg,Cheesecakes,5 Days
Number Candle,Number Candle,Addons,90 Days
Nutella & Vanilla Mini Berliner,Nutella & Vanilla Mini Berliner,Desserts,3 Days
Nutella Baked Cheesecake (1 Kg),Eggless Vanilla Cheesecake 1 Kg,Cheesecakes,5 Days
Nutella Baked Cheesecake (500 Gm),Eggless Vanilla Cheesecake 0.5kg,Cheesecakes,5 Days
Nutella Baked Cheesecake Jar,Cheese Cake Jar,Cheesecakes,5 Days
Nutella Baked Cheesecake Slice,Eggless Cheesecake Slice,Cheesecakes,5 Days
Nutella Baked Eggless Cheesecake (500 Gms),Eggless Vanilla Cheesecake 0.5kg,Cheesecakes,4 Days
Nutella Bomb Cookie,Nutella Bomb Cookie,Cookies,15 Days
Nutella Cheesecake Jar,Cheese Cake Jar,Cheesecakes,5 Days
NY Special Butterscotch Cake (500 Gm),Butterscotch Eggless Cake (500 Gms),Cakes,3 Days
NY Special Butterscotch Cake (500 Gm),Butterscotch Eggless Cake (500 Gms),Cakes,3 Days
NY Special Chocolate Truffle Cake (500 Gm),Chocolate Truffle Eggless Cake (500 Gms),Cakes,5 Days
NY Special Chocolate Truffle Cake (500 Gm),Chocolate Truffle Eggless Cake (500 Gms),Cakes,5 Days
NY Special Pineapple Cake (500 Gm),Pineapple Eggless Cake (500 Gms),Cakes,4 Days
NYC OG Chunk Cookie,NYC OG Chunk Cookie,Cookies,15 Days
Orange & Chocolate Stollen (300 Gm),Orange & Chocolate Stollen (300 Gm),Christmas,3 Days
Orange & Chocolate Stollen Bread (300 Gm),Orange & Chocolate Stollen (300 Gm),Christmas,3 Days
Overload Brownie,Overload Brownie,Desserts,10 Days
Overload Brownie [1 Pc],Overload Brownie,Desserts,10 Days
Party Popper,Party Popper,Addons,90 Days
Party Popper-set Of 2,Party Popper-set Of 2,Addons,90 Days
Pineapple Cake (1 Kg),Pineapple Eggless Cake (1 Kg),Cakes,4 Days
Pineapple Cake (500 Gm),Pineapple Eggless Cake (500 Gms),Cakes,4 Days
Pineapple Cake & Red Rose,Pineapple Eggless Cake (500 Gms),Cakes,3 Days
Pineapple Cake & Teddy,Pineapple Eggless Cake (500 Gms),Cakes,3 Days
Pineapple Eggless Cake (1 Kg),Pineapple Eggless Cake (1 Kg),Cakes,4 Days
Pineapple Eggless Cake (500 Gms),Pineapple Eggless Cake (500 Gms),Cakes,4 Days
Pineapple Pastry,Pineapple Pastry,Desserts,4 Days
Pink Carnation Bouquet,Pink Carnation Bouquet,Flowers,15 Days
Plum Cake (250 Gm),Plum Cake (250 Gm),Plum Cakes,15 Days
Plum Cake (400 Gm),Egg Plum Cake (400 Gm),Plum Cakes,30 Days
Plum Cake (800 Gm),Eggless Plum Cake (800 Gm),Plum Cakes,15 Days
Plum Cake [Eggless] (400 Gm),Eggless Plum Cake (400 Gm),Plum Cakes,15 Days
Plum Cake [Eggless] (800 Gm),Eggless Plum Cake (800 Gm),Plum Cakes,15 Days
Pyaari Maa Poster Bento Cake (300 Gm),Pyaari Maa Poster Bento Cake (300 Gm),Seasonal,3 Days
Rainbow & Choco Truffle Pastry Combo,Chocolate Truffle Pastry,Desserts,5 Days
Rainbow Cake Pastry,Rainbow Pastry,Desserts,3 Days
Ramadan Brownie Box,Ramadan Brownie Box,Desserts,5 Days
Raspberry Almond Crossiant,Raspberry Almond Crossiant,Desserts,2 Days
Rectangle Tiramisu Pastry,Rectangle Tiramisu Pastry,Desserts,3 Days
Red Velvet Cake (1 Kg),Red Velvet Cake (1 Kg),Cakes,3 Days
Red Velvet Cake (500 Gm),Red Velvet Cake (500 Gms),Cakes,3 Days
Red Velvet Cake (500 Gms),Red Velvet Cake (500 Gms),Cakes,3 Days
Red Velvet Pastry,Red Velvet Pastry,Desserts,3 Days
Royal Treat Gift Hamper,Royal Treat Gift Hamper,Hampers,30 Days
San Sebastian Cheesecake Slice,Basque Cheesecake Slice,Cheesecakes,5 Days
Set Of 2 Choco Truffle Pastry,Chocolate Truffle Pastry,Desserts,5 Days
Set Of 2 Classic Walnut Brownie,Base Brownie,Desserts,10 Days
Set Of 2 Eclairs,Hazelnut Eclairs,Desserts,2 Days
Signature Belgian Chocolate Cake (500 Gm),Signature Belgian Chocolate Cake (500 Gm),Cakes,5 Days
Single Red Rose,Single Red Rose,Valenitne Menu,2 Days
Strawberry Baked Cheesecake Jar,Cheese Cake Jar,Cheesecakes,5 Days
Strawberry Brioche Bun,Strawberry Brioche Bun,Desserts,3 Days
Strawberry Cheesecake Jar,Cheese Cake Jar,Cheesecakes,5 Days
Strawberry Cheesecake Slice,Eggless Cheesecake Slice,Cheesecakes,5 Days
Strawberry Chocolate Cake (500 Gm),Strawberry Chocolate Cake (500 Gm),Cakes,3 Days
Strawberry Chocolate Pastry,Strawberry Chocolate Pastry,Desserts,3 Days
Strawberry Custard Tub,Strawberry Custard Tub,Desserts,3 Days
Strawberry Fraisier Tub,Strawberry Fraisier Tub,Desserts,3 Days
Strawberry Tiramisu,Strawberry Tiramisu,Valenitne Menu,2 Days
Strawberry Tres Leches,Strawberry Tres Leches,Desserts,3 Days
Sugarfree Chocolate Cake (500 Gm),Sugarfree Chocolate Cake (500 Gm),Cakes,5 Days
Sugarfree Chocolate Mousse Cake (400 Gm),Sugarfree Chocolate Mousse Cake (400 Gm),Cakes,5 Days
Sugarfree Chocolate Mousse Cake (500 Gm),Sugarfree Chocolate Mousse Cake (500 Gm),Cakes,5 Days
Sugarfree Dates & Walnut Tea Cake,Sugarfree Date & Walnut Whole Wheat Cake (200 Gms),Cakes,6 Days
Teddy,Teddy,Valenitne Menu,30 Days
Tiramisu,Tiramisu,Desserts,2 Days
Tiramisu Balls,Tiramisu Balls,Desserts,3 Days
Tiramisu Cake (500 Gm),Tiramisu Cake (500 Gm),Cakes,3 Days
Tiramisu Cake (500 Gms),Tiramisu Cake (500 Gm),Cakes,3 Days
Tiramisu Croissant,Tiramisu Croissant,Desserts,2 Days
Tiramisu Ladoos,Tiramisu Balls,Desserts,3 Days
Tiramisu Pastry,Rectangle Tiramisu Pastry,Desserts,3 Days
Tiramisu Pastry & Chocolate Rocher Pastry,Tiramisu Pastry,Desserts,3 Days
Trio Mousse Cake (500 Gm),Trio Mousse Cake (500 Gm),Cakes,4 Days
Valentines Strawberry Petite Gateau,Valentines Strawberry Petite Gateau,Desserts,3 Days
Winter Spiced Tea Cake Pastry,Pumpkin Tea Cake Pastry,Desserts,3 Days
Women's Day Bento Cake (300 Gm),Women's Day Bento Cake (300 Gm),Seasonal,5 Days
Women's Day Special Truffle Cake (500 Gm),Chocolate Truffle Bento Cake (300 Gm),Cakes,5 Days
Sugrefree Dates & Walnut Tea Cake,Sugarfree Date & Walnut Whole Wheat Cake (200 Gms),Cakes,7 Days
Intense Belgian Chocolate Pastry,Intense Belgian Chocolate Pastry,Desserts,5 Days
Gluten Free Chocolate?Pastry,Gluten Free Chocolate?Pastry,Desserts,
Pineapple & Red Velvet Pastry Combo,Pineapple & Red Velvet Pastry Combo,Desserts,
Assorted Pack Of 6 Jars,Assorted Pack Of 6 Jars,Desserts,
Bunny Cake Bento Cake,Bunny Cake Bento Cake,Seasonal,
Best Husband Bento Cake,Best Husband Bento Cake,Seasonal,
Easter Bloom Bento Cake,Easter Bloom Bento Cake,Seasonal,
Easter Treasure Eggs (2 Pcs),Easter Treasure Eggs (2 Pcs),Seasonal,
Easter Special Cup Cake (4 Pcs),Easter Special Cup Cake (4 Pcs),Seasonal,
Mr. Perfect Dairy Milk Cake (500 Gm),Mr. Perfect Dairy Milk Cake (500 Gm),Seasonal,
Best Husband Truffle Cake (500 Gm),Best Husband Truffle Cake (500 Gm),Seasonal,
To My King Butterscotch Cake (500 Gm),To My King Butterscotch Cake (500 Gm),Seasonal,
Happy Easter Chocolate Truffle Cake (500 Gm),Happy Easter Chocolate Truffle Cake (500 Gm),Seasonal,
Easter Bunny Bento Cake,Easter Bunny Bento Cake,Seasonal,
Easter Blessing Dairy Milk Cake (500 Gm),Easter Blessing Dairy Milk Cake (500 Gm),Seasonal,
Rose & Pistachio Tea Cake (200 Gm),Rose & Pistachio Tea Cake (200 Gm),Cakes,
Happy Mother's Day Bento Cake (300 Gm),Happy Mother's Day Bento Cake (300 Gm),Seasonal,
Mango Mousse Milk Cake (500 Gm),Mother's Day Special Mango Mousse Milk Cake (500 Gm),Seasonal,
Fresh Mango Cream Cake (500 Gm),Fresh Mango Cream Cake (500 Gm),Cakes,3 Days
Fresh Mango Pastry,Fresh Mango Pastry,Pastry,3 Days
Chocolate Nougat Cake (500 Gm),Chocolate Nougat Cake (500 Gm),Cakes,5 Days
Ferrero Rocher Cake (500 Gm),Ferrero Rocher Cake (500 Gm),Cakes,5 Days
Burnt Basque Cheese Cake (600 Gm),Burnt Basque Cheese Cake (600 Gm),Cheesecakes,4 Days
Fresh Cream Mango Bento Cake (300 Gm),Fresh Cream Mango Bento Cake (300 Gm),Cakes,3 Days
Mangoffee Dream Pie,Mangoffee Dream Pie,Desserts,3 Days
Homemade Mango Pudding Cake (500 Gm),Homemade Mango Pudding Cake (500 Gm),Seasonal,3 Days
Mother's Day Special Rabri Milk Cake (500 Gm),Mother's Day Special Rabri Milk Cake (500 Gm),Seasonal,3 Days
Mother's Day Special Truffle Cake (500 Gm),Chocolate Truffle Eggless Cake (500 Gms),Cakes,5 Days
Mom's Slice Cake (bento 300 Gm),Mom's Slice Cake (bento 300 Gm),Seasonal,3 Days
Floral Cake (500 Gm),Floral Cake (500 Gm),Seasonal,3 Days
Mother's Day Goodie Bag,Mother's Day Goodie Bag,Seasonal,3 Days
Mango Chocolate Cake (500 Gm),Mango Chocolate Cake (500 Gm),Cakes,3 Days
NY Style Mango Croissant,NY Style Mango Croissant,Seasonal,3 Days
Mango Pudding Tub,Mango Pudding Tub,Seasonal,3 Days
Mango Aam Papad Croissant,Mango Aam Papad Croissant,Seasonal,3 Days
Cookie Katori Cup,Cookie Katori Cup,Desserts,3 Days
Black Forest Cake (600 Gm),Black Forest Cake (500 Gm),Cakes,3 Days
Father's Day Special Sugarfree Chocolate Mousse Cake (400 Gm),Sugarfree Chocolate Mousse Cake (400 Gm),Cakes,5 Days
World's Best Father Bento Cake (300 Gm),World's Best Father Bento Cake (300 Gm),Seasonal,5 Days
Father's Day Special Butterscotch Cake (500 Gm),Butterscotch Eggless Cake (500 Gms),Seasonal,3 Days
Desi Fruit Cream Cake (400 Gm),Desi Fruit Cream Cake (400 Gm),Seasonal,3 Days
Superdad Bento Cake (300 Gm),Superdad Bento Cake (300 Gm),Seasonal,4 Days
Father's Day Special Pineapple Cake (500 Gm),Pineapple Eggless Cake (500 Gms),Cakes,3 Days
Father's Day Special Truffle Cake (500 Gm),Chocolate Truffle Eggless Cake (500 Gms),Cakes,5 Days
Mai Hoon Na Poster Bento Cake (300 Gm),Mai Hoon Na Poster Bento Cake (300 Gm),Seasonal,4 Days
London Viral Cake Slice,London Viral Cake Slice,Desserts,4 Days
Nutella Crunch Tub,Nutella Crunch Tub,Desserts,4 Days
Filter Coffee Basque Cheesecake Slice,Filter Coffee Basque Cheesecake Slice,Desserts,4 Days
